ColumnName,Type
WorkerId,Int32
WorkerLastName,String
WorkerFirstName,String
TalentDirectoryId,Int32
EmploymentStatusId,Int32
EmploymentStatusName,String
JobTitle,String
OfficeId,Int32
CountryId,Int32
IsDeleted,Boolean
LastUpdateTime,Datetime
LogonAccount,String
DomainName,Worker
LoadType,CDC
ARMTemplatePrefix,Ref
PipelineActivity,SProcActivity
Tablename,Worker
OnPremSqlTableName,[rpt].[vwWorker]
sqlQuery,"$$$Text.Format('SELECT WorkerId,WorkerLastName,WorkerFirstName,TalentDirectoryId,EmploymentStatusId,EmploymentStatusName,JobTitle,OfficeId,CountryId,IsDeleted,LastUpdateTime, LogonAccount From ( SELECT W.WorkerId, W.WorkerLastName, W.WorkerFirstName, W.TalentDirectoryId, W.EmploymentStatusId, C.EmploymentStatusName, W.JobTitle, W.OfficeId, W.CountryId, W.IsDeleted, IIF( W.[LastUpdateTime] > C.[LastUpdateTime], IIF(W.[LastUpdateTime]> A.[LastUpdateTime] , W.[LastUpdateTime],  A.[LastUpdateTime] ), IIF(C.[LastUpdateTime]> A.[LastUpdateTime] , C.[LastUpdateTime],  A.[LastUpdateTime] ))  As [LastUpdateTime] , A.LogonAccount from [rpt].[vwWorker]  W Left join [rpt].[vwEmploymentStatus] C ON C.[EmploymentStatusId] = W.[EmploymentStatusId]  Left join [rpt].[vwWorkerAccount] A ON A.WorkerId = W.WorkerId ) qry where [LastUpdateTime] >= \\'{0:yyyy-MM-dd}\\' AND [LastUpdateTime] < \\'{1:yyyy-MM-dd}\\'',Date.AddDays(SliceStart, -1), Date.AddDays(SliceEnd, -1))"