{
  "dependsOn": [
    "[concat('Microsoft.DataFactory/dataFactories/', parameters('dataFactoryName'))]",
    "[concat('Microsoft.DataFactory/dataFactories/', parameters('dataFactoryName'), '/linkedServices/', variables('SourceDBServerLinkedServiceName'))]",
    "[concat('Microsoft.DataFactory/dataFactories/', parameters('dataFactoryName'), '/linkedServices/', variables('TargetDBLinkedServiceName'))]"
  ],
  "type": "datasets",
  "name": "[variables('azureSqlDataSetName')]",
  "apiVersion": "[variables('apiVersion')]",
  "properties": {
    "type": "AzureSqlTable",
    "linkedServiceName": "[variables('TargetDBLinkedServiceName')]",
    "typeProperties": {
      "tableName": "[variables('azureSqlTableName')]"
    },
    "availability": {
      "frequency": "[variables('Frequency')]",
      "interval": "[variables('interval')]",
      "offset": "[variables('offset')]",
      "style": "[variables('style')]"
    },
    "policy": {},
    "structure": [

      #####TableSchema#####

    ]
  }
}