ColumnName,Type
SystemId,String
PrincipalID,String
EmailAddress,String
DisplayName,String
Timestamp,Datetime
UserPrincipalName,String
LogonAccount,String
StatusId,Int32
DomainName,User
LoadType,CDC
ARMTemplatePrefix,Ref
PipelineActivity,SProcActivity
InboundOrOutbound,Outbound
PipelineName,PrincipalPipeline
SourceDataSetName,PrincipalSourceDataSet
TargetDataSetName,PrincipalTargetDataSet
PipelineDependOnOtherDS,RefWorkerAzureSQLTableCDC|RefWorkerContactAzureSQLTableCDC
TableToAudit,[User].[Principal]
Tablename,Principal
OnPremSqlTableName,[User].[vwPrincipalUpdates]
sqlQuery,"$$$Text.Format('Select [SystemID], [principalID], [EmailAddress],  [DisplayName], [Timestamp], [UserPrincipalName], [LogonAccount], [StatusID] From [user].[vwPrincipalUpdates] Where [LastUpdateTime] >= \\'{0:yyyy-MM-dd}\\' AND [LastUpdateTime] < \\'{1:yyyy-MM-dd}\\'',Date.AddDays(SliceStart, -1), Date.AddDays(SliceEnd, -1))"