{
  "name": "[variables('ActivityName')]",
  "description": "Push data from SQL to Sql Azure",
  "type": "Copy",
  "typeProperties": {
                       "source": {
                          "type": "SqlSource",
                          "sqlReaderQuery": "[variables('sqlReaderQuery')]"
                       },
                       "sink": {
                            "type": "SqlDWSink",
                            "allowPolyBase": true,
                            "polyBaseSettings":
                            {
                                "rejectType": "percentage",
                                "rejectValue": 10.0,
                                "rejectSampleValue": 100,
                                "useTypeDefault": true
                            }
                       },
                       "translator": {
                          "type": "TabularTranslator",
                          "columnMappings": "[variables('columnMappings')]"
                       }
                    },
  "inputs": [
    {
      "name": "[variables('OnPremSqlDataSetName')]"
    }
  ],
  "outputs": [
    {
      "name": "[variables('azureSqlDataSetName')]"
    }
  ],
  "policy": { 
    "timeout": "[variables('retryTimeout')]",
    "concurrency": "[variables('concurrency')]",
    "executionPriorityOrder": "[variables('executionPriorityOrder')]",
    "style": "[variables('style')]",
    "retry": "[variables('maximumRetry')]",
    "longRetry": "[variables('longRetry')]",
    "longRetryInterval": "[variables('longRetryInterval')]"
            } ,
  "scheduler": {
    "frequency": "[variables('Frequency')]",
    "interval": "[variables('interval')]",
    "offset": "[variables('offset')]",
    "style": "[variables('style')]"
               }
}
 