
{
  "apiVersion": "[variables('apiVersion')]",
  "dependsOn": [
    "[concat('Microsoft.DataFactory/dataFactories/', parameters('dataFactoryName'))]",
    "[concat('Microsoft.DataFactory/dataFactories/', parameters('dataFactoryName'), '/linkedServices/', variables('OnPremSqlServerLinkedServiceName'))]"
  ],
        "type": "datasets",
        "name": "[variables('OnPremSqlDataSetName')]",
        "properties": {
            "type": "AzureSqlTable",
            "linkedServiceName": "[variables('OnPremSqlServerLinkedServiceName')]",
            "typeProperties": {
              "tableName": "[variables('OnPremSqlTableName')]"
                               },
            "availability": {
              "frequency": "[variables('Frequency')]",
              "interval": "[variables('interval')]",
              "offset": "[variables('offset')]",
              "style": "[variables('style')]"
                            },
            "external": "[variables('external')]",
            "policy": {
              "externalData": {
                "retryInterval": "[variables('retryInterval')]",
                "retryTimeout": "[variables('retryTimeout')]",
                "maximumRetry": "[variables('maximumRetry')]"
                              }
                       },
            "structure": [
                      #####TableSchema#####

                         ]

                      } 
}    