{
  "contentVersion": "1.0.0.0",
  "$schema": "http://schema.management.azure.com/schemas/2015-01-01/deploymentTemplate.json#",

  "parameters": {
        "dataFactoryName": {
            "type": "string",
            "metadata": {
                "description": "Name of the data factory. Must be globally unique."
            }
        },
        "location": {
            "type": "string",
            "allowedValues": [
                "East US",
                "East US 2",
                "West Europe"
            ],
            "defaultValue": "East US",
            "metadata": {
                "description": "Location of the data factory. Currently, only East US, East US 2, and West Europe are supported. "
            }
        },
        "StartTime": {
            "type": "string",
            "metadata": {
                "description": "Start time for the trigger."
            }
        },
        "StopTime": {
            "type": "string",
            "metadata": {
                "description": "End time for the trigger."
            }
        },
        
    "azureSqlServerName": {
      "type": "string",
      "metadata": {
        "description": "Azure SQL Database Server name"
      }
    },
    "azureSqlServerUserName": {
      "type": "string",
      "metadata": {
        "description": "Azure SQL Database Server user name"
      }
    },
    "azureSqlServerPassword": {
      "type": "securestring",
      "metadata": {
        "description": "Azure SQL Database Server password"
      }
    },
    "azureTargetDatabaseName": {
      "type": "string",
      "metadata": {
        "description": "Azure SQL Database name"
      }
    }, 
    "OnPremSqlServerName": {
      "type": "string",
      "metadata": {
        "description": "OnPrem SQL Database Server name"
      }
    },
    "OnPremSqlServerUserName": {
      "type": "string",
      "metadata": {
        "description": "OnPrem SQL Database Server user name"
      }
    },
    "OnPremSqlServerPassword": {
      "type": "securestring",
      "metadata": {
        "description": "OnPrem SQL Database Server password"
      }
    },
    "OnPremSourceDatabaseName": {
      "type": "string",
      "metadata": {
        "description": "OnPrem SQL Database name"
      }
    }
  },

  "variables": {
     
        "triggerName": "ArmTemplateTestTrigger",


    #####ARMvariables#####
    #####ARMCommonvariables#####
       
  },
 
  "resources": [
    {
      "name": "[parameters('dataFactoryName')]",
      "apiVersion": "[variables('apiVersion')]",
      "type": "Microsoft.DataFactory/datafactories",
      "location": "[parameters('location')]",  
      "resources": 
       [
                    {
                              "dependsOn": [
                                "[concat('Microsoft.DataFactory/dataFactories/', parameters('dataFactoryName'))]"
                              ],
                              "type": "linkedservices",
                              "name": "[variables('azureSqlLinkedServiceName')]",
                              "apiVersion": "[variables('apiVersion')]",
                              "properties": {
                                "type": "AzureSqlDW",
                                "description": "Azure SQL DB linked service Cache",
                                "typeProperties": { 
                                   "connectionString": "[concat('Server=tcp:',parameters('azureSqlServerName'),'.database.windows.net,1433;Database=', parameters('azureTargetDatabaseName'), ';User ID=',parameters('azureSqlServerUserName'),';Password=',parameters('azureSqlServerPassword'),';Trusted_Connection=False;Encrypt=True;Connection Timeout=30')]"
                                                  }
                                            }
                    }, 
                    {
                            "dependsOn": [
                                "[concat('Microsoft.DataFactory/dataFactories/', parameters('dataFactoryName'))]"
                              ],
                            "type": "linkedservices",
                            "name": "[variables('OnPremSqlServerLinkedServiceName')]",
                            "apiVersion": "[variables('apiVersion')]",
                            "properties": {
                                "type": "AzureSqlDatabase",
                                "description": "Azure Storage linked service",
                                "typeProperties": {
                                    "connectionString": "[concat('Server=tcp:',parameters('OnPremSqlServerName'),'.database.windows.net,1433;Database=', parameters('OnPremSourceDatabaseName'), ';User ID=',parameters('OnPremSqlServerUserName'),';Password=',parameters('OnPremSqlServerPassword'),';Trusted_Connection=False;Encrypt=True;Connection Timeout=30')]"
                                                    }
                                        }
                     },
                    #####OnPremDataSet#####,
                    #####AzureDataSet#####,  
                    {
                      "dependsOn": [
                        "[concat('Microsoft.DataFactory/dataFactories/', parameters('dataFactoryName'))]",
                        "[concat('Microsoft.DataFactory/dataFactories/', parameters('dataFactoryName'), '/linkedServices/', variables('OnPremSqlServerLinkedServiceName'))]",
                        "[concat('Microsoft.DataFactory/dataFactories/', parameters('dataFactoryName'), '/linkedServices/', variables('azureSqlLinkedServiceName'))]",
                        "[concat('Microsoft.DataFactory/dataFactories/', parameters('dataFactoryName'), '/datasets/', variables('azureSqlDataSetName'))]",
                        "[concat('Microsoft.DataFactory/dataFactories/', parameters('dataFactoryName'), '/datasets/', variables('OnPremSqlDataSetName'))]"
                        
                                     ],
                                  "type": "datapipelines",
                                  "name": "[variables('PipelineName')]",
                                  "apiVersion": "[variables('apiVersion')]",
                                  "properties": {
                                                    "description": "Fetch Table data on prem and push to Azure SQL Database",
                                                    "activities": [

                                                      #####InboundActivity#####
                                                       
                                                       
                                                                   ],
                                                    "start": "[variables('StartTime')]",
                                                    "end": "[variables('StopTime')]"
                                                }
                     }
     
       ]
 
   }
  ]
}