ColumnName,Type
WorkerId,Int32
WorkerLastName,String
WorkerFirstName,String
TalentDirectoryId,Int32
EmploymentStatusId,Int32
EmploymentStatusName,String
JobTitle,String
OfficeId,Int32
CountryId,Int32
IsDeleted,Boolean
LastUpdateTime,Datetime
LogonAccount,String
DomainName,Worker
LoadType,FullLoad
ARMTemplatePrefix,Ref
PipelineActivity,SProcActivity
Tablename,Worker
OnPremSqlTableName,[rpt].[vwWorker]
sqlQuery,"$$$Text.Format('SELECT W.WorkerId, W.WorkerLastName, W.WorkerFirstName, W.TalentDirectoryId, W.EmploymentStatusId, C.EmploymentStatusName, W.JobTitle, W.OfficeId, W.CountryId, W.IsDeleted, W.LastUpdateTime, A.LogonAccount from [rpt].[vwWorker]  W  Left join [rpt].[vwEmploymentStatus] C ON C.[EmploymentStatusId] = W.[EmploymentStatusId] and C.IsDeleted=0  Left join [rpt].[vwWorkerAccount] A ON A.WorkerId = W.WorkerId and A.IsDeleted=0  where W.isdeleted=0')"