{
  "name": "[variables('ActivityName')]",
  "description": "Push data from SQL to Sql Azure",
  "type": "Copy",
  "typeProperties": {
    "source": {
      "type": "SqlSource",
      "sqlReaderQuery": "[variables('sqlReaderQuery')]"
    },
    "sink": {
      "type": "SqlSink",
      "sqlWriterStoredProcedureName": "[variables('sqlStoredProc')]",
      "storedProcedureParameters": {
        "JobName": {
          "value": "[variables('PipelineName')]"
        },
        "DomainName": {
          "value": "[variables('DomainName')]"
        },
        "RunStartTime": {
          "value": "[variables('JobStart')]"
        },
        "RunEndTime": {
          "value": "[variables('JobEnd')]"
        },
        "RunBy": {
          "value": "[parameters('OnPremSqlServerUserName')]"
        },
        "LoadType": {
          "value": "[variables('LoadType')]"
        }
      },
      "sqlWriterTableType": "[variables('SqlTypeTableName')]",
      "writeBatchSize": "[variables('writeBatchSize')]",
      "writeBatchTimeout": "[variables('writeBatchTimeout')]"
    },
    "translator": {
      "type": "TabularTranslator",
      "columnMappings": "[variables('columnMappings')]"
    }
  },
  "inputs": [
    {
      "name": "[variables('OnPremSqlDataSetName')]"
    }
  ],
  "outputs": [
    {
      "name": "[variables('azureSqlDataSetName')]"
    }
  ],
  "policy": {
    "timeout": "[variables('retryTimeout')]",
    "concurrency": "[variables('concurrency')]",
    "executionPriorityOrder": "[variables('executionPriorityOrder')]",
    "style": "[variables('style')]",
    "retry": "[variables('maximumRetry')]",
    "longRetry": "[variables('longRetry')]",
    "longRetryInterval": "[variables('longRetryInterval')]"
  },
  "scheduler": {
    "frequency": "[variables('Frequency')]",
    "interval": "[variables('interval')]",
    "offset": "[variables('offset')]",
    "style": "[variables('style')]"
  }
}