{
  "contentVersion": "1.0.0.0",
  "$schema": "http://schema.management.azure.com/schemas/2015-01-01/deploymentTemplate.json#",
  "parameters": {
    "dataFactoryName": {
      "type": "string",
      "metadata": {
        "description": "CFT Data Factory Account name"
      }
    },
    "azureSqlServerName": {
      "type": "string",
      "metadata": {
        "description": "Azure SQL Database Server name"
      }
    },
    "azureSqlServerUserName": {
      "type": "string",
      "metadata": {
        "description": "Azure SQL Database Server user name"
      }
    },
    "azureSqlServerPassword": {
      "type": "securestring",
      "metadata": {
        "description": "Azure SQL Database Server password"
      }
    },
    "azureTargetDatabaseName": {
      "type": "string",
      "metadata": {
        "description": "Azure SQL Database name"
      }
    },
    "OnPremSqlServerName": {
      "type": "string",
      "metadata": {
        "description": "OnPrem SQL Database Server name"
      }
    },
    "OnPremSqlServerUserName": {
      "type": "string",
      "metadata": {
        "description": "OnPrem SQL Database Server user name"
      }
    },
    "OnPremSqlServerPassword": {
      "type": "securestring",
      "metadata": {
        "description": "OnPrem SQL Database Server password"
      }
    },
    "OnPremSourceDatabaseName": {
      "type": "string",
      "metadata": {
        "description": "OnPrem SQL Database name"
      }
    },
    "OnPremGateway": {
      "type": "string",
      "metadata": {
        "description": "OnPrem Gateway"
      }
    },
    "StartTime": {
      "type": "string",
      "metadata": {
        "description": "Start Time"
      }
    },
    "StopTime": {
      "type": "string",
      "metadata": {
        "description": "Stop Time"
      }
    },
    "offset_startTimePosition": {
      "type": "string",
      "metadata": {
        "description": "Time  of the day to start slice daily - 06:00:00"
      }
    },
    "location": {
      "type": "string",
      "metadata": {
        "description": "Location where resources will be provisioned"
      }
    },
    "StartTime_FullLoad": {
      "type": "string",
      "metadata": {
        "description": "Start Time for Full Load"
      }
    },
    "StopTime_FullLoad": {
      "type": "string",
      "metadata": {
        "description": "Stop Time for Full Load"
      }
    }
  },

  "variables": {
    


    #####ARMvariables#####
    #####ARMCommonvariables#####
       
  },

  
  "resources": [
    {
      "name": "[parameters('dataFactoryName')]",
      "apiVersion": "[variables('apiVersion')]",
      "type": "Microsoft.DataFactory/datafactories",
      "location": "[variables('datafactorylocation')]",
      "resources": [
        {
          "dependsOn": [
            "[concat('Microsoft.DataFactory/dataFactories/', parameters('dataFactoryName'))]"
          ],
          "type": "linkedservices",
          "name": "[variables('azureSqlLinkedServiceName')]",
          "apiVersion": "[variables('apiVersion')]",
          "properties": {
            "type": "AzureSqlDatabase",
            "description": "Azure SQL DB linked service Cache",
            "typeProperties": {
              "connectionString": "[concat('Server=tcp:',parameters('azureSqlServerName'),'.database.windows.net,1433;Database=', parameters('azureTargetDatabaseName'), ';User ID=',parameters('azureSqlServerUserName'),';Password=',parameters('azureSqlServerPassword'),';Trusted_Connection=False;Encrypt=True;Connection Timeout=30')]"
            }
          }
        }, 
        {
          "dependsOn": [
            "[concat('Microsoft.DataFactory/dataFactories/', parameters('dataFactoryName'))]"
          ],
          "type": "linkedservices",
          "name": "[variables('OnPremSqlServerLinkedServiceName')]",
          "apiVersion": "[variables('apiVersion')]",
          "properties": {
            "type": "OnPremisesSqlServer",
            "typeProperties": {
              "connectionString": "[variables('OnPremConnString')]",
              "userName": "[parameters('OnPremSqlServerUserName')]",
              "password": "[parameters('OnPremSqlServerPassword')]",
              "gatewayName": "[concat(parameters('OnPremGateway'))]"
            }
          }
        },
        #####OnPremDataSet#####,
        #####AzureDataSet#####,  
         
        {
          "dependsOn": [
            "[concat('Microsoft.DataFactory/dataFactories/', parameters('dataFactoryName'))]",
            "[concat('Microsoft.DataFactory/dataFactories/', parameters('dataFactoryName'), '/linkedServices/', variables('OnPremSqlServerLinkedServiceName'))]",
            "[concat('Microsoft.DataFactory/dataFactories/', parameters('dataFactoryName'), '/linkedServices/', variables('azureSqlLinkedServiceName'))]",
            "[concat('Microsoft.DataFactory/dataFactories/', parameters('dataFactoryName'), '/datasets/', variables('azureSqlDataSetName'))]",
            "[concat('Microsoft.DataFactory/dataFactories/', parameters('dataFactoryName'), '/datasets/', variables('OnPremSqlDataSetName'))]"
          ],
          "type": "datapipelines",
          "name": "[variables('PipelineName')]",
          "apiVersion": "[variables('apiVersion')]",
          "properties": {
            "description": "Fetch Table data on prem and push to Azure SQL Database",
            "activities": [

              #####InboundActivity#####
               
               
            ],
            "start": "[variables('StartTime')]",
            "end": "[variables('StopTime')]"
          }
        }
      ]
    }
  ]
}
