{
  "contentVersion": "1.0.0.0",
  "$schema": "http://schema.management.azure.com/schemas/2015-01-01/deploymentTemplate.json#",
  "parameters": {
    "dataFactoryName": {
      "type": "string",
      "metadata": {
        "description": "CFT Data Factory Account name"
      }
    },
    "azureSqlServerName": {
      "type": "string",
      "metadata": {
        "description": "Azure SQL Database Server name"
      }
    },
    "azureSqlServerUserName": {
      "type": "string",
      "metadata": {
        "description": "Azure SQL Database Server user name"
      }
    },
    "azureSqlServerPassword": {
      "type": "securestring",
      "metadata": {
        "description": "Azure SQL Database Server password"
      }
    },
    "azureTargetDatabaseName": {
      "type": "string",
      "metadata": {
        "description": "Azure SQL Database name"
      }
    },
    "OnPremSqlServerName": {
      "type": "string",
      "metadata": {
        "description": "OnPrem SQL Database Server name"
      }
    },
    "OnPremSqlServerUserName": {
      "type": "string",
      "metadata": {
        "description": "OnPrem SQL Database Server user name"
      }
    },
    "OnPremSqlServerPassword": {
      "type": "securestring",
      "metadata": {
        "description": "OnPrem SQL Database Server password"
      }
    },
    "OnPremSourceDatabaseName": {
      "type": "string",
      "metadata": {
        "description": "OnPrem SQL Database name"
      }
    },
    "OnPremGateway": {
      "type": "string",
      "metadata": {
        "description": "OnPrem Gateway"
      }
    },
    "StartTime": {
      "type": "string",
      "metadata": {
        "description": "Start Time"
      }
    },
    "StopTime": {
      "type": "string",
      "metadata": {
        "description": "Stop Time"
      }
    },
    "offset_startTimePosition": {
      "type": "string",
      "metadata": {
        "description": "Time  of the day to start slice daily - 06:00:00"
      }
    },
    "location": {
      "type": "string",
      "metadata": {
        "description": "Location where resources will be provisioned"
      }
    },
    "StartTime_FullLoad": {
      "type": "string",
      "metadata": {
        "description": "Start Time for Full Load"
      }
    },
    "StopTime_FullLoad": {
      "type": "string",
      "metadata": {
        "description": "Stop Time for Full Load"
      }
    }
  },

  "variables": {
    "apiVersion": "2015-10-01",
    "TargetDBLinkedServiceName": "GovernanceAdminAzureSQLLinkedService",
    "SourceDBServerLinkedServiceName": "iLayerDBAzureSQLLinkedService",
    "datafactorylocation": "[parameters('location')]",


    #####ARMvariables#####
    #####AuditVariables#####

    "JobStart": "$$Text.Format('{0:yyyy/MM/dd HH:MM}', SliceStart)",
    "JobEnd": "$$Text.Format('{0:yyyy/MM/dd HH:MM}', SliceEnd)",
    "offset": "[parameters('offset_startTimePosition')]",

    "AffectedTable": "[variables('TableToAudit')]", 
    "SQLSelect1": "$$Text.Format('SELECT count(*) as RowsWritten, \\'",
    "SQLSelect2": "\\' as AffectedTable from ",
    "SQLDateFilter": " Where [Timestamp] >= \\'{0:yyyy-MM-dd}\\' AND [Timestamp] < \\'{1:yyyy-MM-dd}\\'',SliceStart, SliceEnd)",
    "SQLSelect3": "')",
    "AuditQuery": "[concat(variables('SQLSelect1'),variables('TableToAudit'),variables('SQLSelect2'),variables('TableToAudit'),variables('SQLDateFilter'))]",
    "AuditFullLoadQuery": "[concat(variables('SQLSelect1'),variables('TableToAudit'),variables('SQLSelect2'),variables('TableToAudit'),variables('SQLSelect3'))]",

    "Frequency": "Day",
    "interval": "1",
    "style": "StartOfInterval",
    "anchorDateTime": "[parameters('StartTime')]",
    "OnPremConnString": "[concat('Data Source=',parameters('OnPremSqlServerName'),';Initial Catalog=',parameters('OnPremSourceDatabaseName'),';Integrated security=True;')]",

    "SynchronisationDate": "$$Text.Format('{0:yyyy/MM/dd HH:mm}', Time.AddMinutes(SliceStart, 0))",
    "AzureSqlDBConnString": "[concat('Server=tcp:',parameters('azureSqlServerName'),'.database.windows.net,1433;Database=', parameters('azureTargetDatabaseName'), ';User ID=',parameters('azureSqlServerUserName'),';Password=',parameters('azureSqlServerPassword'),';Trusted_Connection=False;Encrypt=True;Connection Timeout=30')]",

    "JobRunDt": "$$Text.Format('{0:yyyy/MM/dd HH:MM}', SliceStart)",
    "external": true,
    "executionPriorityOrder": "NewestFirst",
    "writeBatchSize": 1000000,
    "writeBatchTimeout": "00:55:00",
    "minimumSizeMB": 0.000003,
    "dataDelay": "00:01:00",
    "retryInterval": "00:01:00",
    "retryTimeout": "00:55:00",
    "maximumRetry": 2,
    "concurrency": 5,
    "longRetry": 2,
    "longRetryInterval": "00:15:00"
  },


  "resources": [
    {
      "name": "[parameters('dataFactoryName')]",
      "apiVersion": "[variables('apiVersion')]",
      "type": "Microsoft.DataFactory/datafactories",
      "location": "[variables('datafactorylocation')]",
      "resources": [
        {
          "dependsOn": [
            "[concat('Microsoft.DataFactory/dataFactories/', parameters('dataFactoryName'))]"
          ],
          "type": "linkedservices",
          "name": "[variables('TargetDBLinkedServiceName')]",
          "apiVersion": "[variables('apiVersion')]",
          "properties": {
            "type": "AzureSqlDatabase",
            "description": "Azure SQL DB linked service Cache",
            "typeProperties": {
              "connectionString": "[concat('Server=tcp:',parameters('azureSqlServerName'),'.database.windows.net,1433;Database=', parameters('azureTargetDatabaseName'), ';User ID=',parameters('azureSqlServerUserName'),';Password=',parameters('azureSqlServerPassword'),';Trusted_Connection=False;Encrypt=True;Connection Timeout=30')]"
            }
          }
        }, 
        {
          "dependsOn": [
            "[concat('Microsoft.DataFactory/dataFactories/', parameters('dataFactoryName'))]"
          ],
          "type": "linkedservices",
          "name": "[variables('SourceDBServerLinkedServiceName')]",
          "apiVersion": "[variables('apiVersion')]",
          "properties": {
            "type": "AzureSqlDatabase",
            "description": "Azure SQL DB linked service",
            "typeProperties": {
              "connectionString": "[concat('Server=tcp:',parameters('OnPremSqlServerName'),'.database.windows.net,1433;Database=', parameters('OnPremSourceDatabaseName'), ';User ID=',parameters('OnPremSqlServerUserName'),';Password=',parameters('OnPremSqlServerPassword'),';Trusted_Connection=False;Encrypt=True;Connection Timeout=30')]"
            }
          }
        },
        #####OnPremDataSet#####,
        #####AzureDataSet#####, 
        
        #####AuditingStartOutputDS#####,
        #####AuditingEndOutputDS#####,  
        #####UpdateCountAuditingDS#####,  
         
        {
          "dependsOn": [
            "[concat('Microsoft.DataFactory/dataFactories/', parameters('dataFactoryName'))]",
            "[concat('Microsoft.DataFactory/dataFactories/', parameters('dataFactoryName'), '/linkedServices/', variables('TargetDBLinkedServiceName'))]",
            "[concat('Microsoft.DataFactory/dataFactories/', parameters('dataFactoryName'), '/datasets/', variables('azureSqlDataSetName'))]",
            "[concat('Microsoft.DataFactory/dataFactories/', parameters('dataFactoryName'), '/datasets/', variables('OnPremSqlDataSetName'))]",
            "[concat('Microsoft.DataFactory/dataFactories/', parameters('dataFactoryName'), '/datasets/', variables('AuditingStartOutputDS'))]",
            "[concat('Microsoft.DataFactory/dataFactories/', parameters('dataFactoryName'), '/datasets/', variables('AuditingEndOutputDS'))]",
            "[concat('Microsoft.DataFactory/dataFactories/', parameters('dataFactoryName'), '/datasets/', variables('UpdateCountAuditingDS'))]"
          ],
          "type": "datapipelines",
          "name": "[variables('PipelineName')]",
          "apiVersion": "[variables('apiVersion')]",
          "properties": {
            "description": "Fetch Table data on prem and push to Azure SQL Database",
            "activities": [

              #####InboundActivity-AuditingStart#####,
              #####InboundActivity#####,
              #####InboundActivity-AuditingEnd#####
               
               
            ],
            "start": "[variables('StartTime')]",
            "end": "[variables('StopTime')]"
          }
        }
      ]
    }
  ]
}
