
{
    "$schema": "http://schema.management.azure.com/schemas/2015-01-01/deploymentTemplate.json#",
    "contentVersion": "1.0.0.0",
  "parameters": {
        "dataFactoryName": {
            "type": "string",
            "metadata": {
                "description": "Name of the data factory. Must be globally unique."
            }
        },
        "location": {
            "type": "string",
            "allowedValues": [
                "East US",
                "East US 2",
                "West Europe"
            ],
            "defaultValue": "East US",
            "metadata": {
                "description": "Location of the data factory. Currently, only East US, East US 2, and West Europe are supported. "
            }
        },
        "StartTime": {
            "type": "string",
            "metadata": {
                "description": "Start time for the trigger."
            }
        },
        "StopTime": {
            "type": "string",
            "metadata": {
                "description": "End time for the trigger."
            }
        },
        
    "SourceBlobStorageConnectionString": {
      "type": "string",
      "metadata": {
        "description": "SourceBlobStorageConnectionString"
      }
    },
    "SourceFileName": {
      "type": "string",
      "metadata": {
        "description": "SourceFileName"
      }
    },
    "SourceFolderPath": {
      "type": "string",
      "metadata": {
        "description": "SourceFolderPath"
      }
    },
    "SinkFileName": {
      "type": "string",
      "metadata": {
        "description": "SinkFileName"
      }
    }, 
    "SinkFolderPath": {
      "type": "string",
      "metadata": {
        "description": "SinkFolderPath"
      }
    },
    "ADLSuri": {
      "type": "string",
      "metadata": {
        "description": "ADLSuri"
      }
    },
    "ADLStenant": {
      "type": "string",
      "metadata": {
        "description": "OnPrem SQL Database Server password"
      }
    },
    "ADLSsubscriptionId": {
      "type": "string",
      "metadata": {
        "description": "ADLSsubscriptionId"
      }
    },
    "ADLSresourceGroupName": {
      "type": "string",
      "metadata": {
        "description": "ADLSresourceGroupName"
      }
    }
  },

  "variables": {
     
        "triggerName": "ArmTemplateTestTrigger",
        "factoryId": "[concat('Microsoft.DataFactory/factories/', parameters('dataFactoryName'))]"


    #####ARMvariables#####
    #####ARMCommonvariables#####
       
  },

   
      "resources": [ 
        {
          "dependsOn": [
            "[concat('Microsoft.DataFactory/dataFactories/', parameters('dataFactoryName'))]"
          ], 
          "name": "[concat(parameters('dataFactoryName'), '/',variables('SourceLinkedServiceName'))]",
          "type": "Microsoft.DataFactory/factories/linkedServices",
          "apiVersion": "[variables('apiVersion')]",
          "properties": {
            "type": "AzureStorage",
            "description": "AzureStorage",
            "typeProperties": { 
               "connectionString": {
                "type": "SecureString",
                "value": "[parameters('SourceBlobStorageConnectionString')]"
                } 
            }
          }
        }, 
        {
                "name": "[concat(parameters('dataFactoryName'), '/',variables('SinkLinkedServiceName'))]",
                "type": "Microsoft.DataFactory/factories/linkedServices",

                "dependsOn": [
                    "[concat('Microsoft.DataFactory/dataFactories/', parameters('dataFactoryName'))]"
                ],
                "apiVersion": "[variables('apiVersion')]",
                "properties": {
                    "type": "AzureDataLakeStore",
                    "description": "AzureDataLakeStore",
                    "typeProperties": {
                        "dataLakeStoreUri": "[parameters('ADLSuri')]", 
                        "tenant": "[parameters('ADLStenant')]", 
                        "subscriptionId": "[parameters('ADLSsubscriptionId')]", 
                        "resourceGroupName": "[parameters('ADLSresourceGroupName')]", 
                    }
                }
            },
        #####SourceDataSetName#####,
        #####SinkDataSetName#####,  
                  
                            {
                              "name": "[concat(parameters('dataFactoryName'), '/',variables('PipelineName'))]",
                              "type": "Microsoft.DataFactory/factories/pipelines",
                              "apiVersion": "[variables('apiVersion')]",
                              "properties": {

                                            "activities": [
                                                  #####InboundActivity#####   
                                                            ]
                                                ,
                                                        "parameters": {
                                                            "windowStart": {
                                                                "type": "String"
                                                            },
                                                            "windowEnd": {
                                                                "type": "String"
                                                            }
                                                        }
                                            },
                                "dependsOn": [ 
                                    "[concat(variables('factoryId'), '/datasets/',variables('SinkDataSetName'))]",
                                    "[concat(variables('factoryId'), '/datasets/',variables('SourceDataSetName'))]"
                                            ]
                    },
 
        
            {
                            "name": "[concat(parameters('dataFactoryName'),'/',variables('triggerName'))]",
                            "type": "Microsoft.DataFactory/factories/triggers",
                            "apiVersion": "[variables('apiVersion')]",
                            "properties": 
                                {
                                        "type": "ScheduleTrigger",
                                        "typeProperties": 
                                        {
                                                "recurrence": {
                                                    "frequency": "Day",
                                                    "interval": 1,
                                                    "startTime": "[variables('StartTime')]",
                                                    "endTime": "[variables('StopTime')]",
                                                    "timeZone": "UTC"
                                                }
                                        },
                                        "pipelines": [{
                                                        "pipelineReference": {
                                                            "type": "PipelineReference",
                                                            "referenceName": "[variables('pipelineName')]"
                                                        },
                                                "parameters": {}
                                             }]
                                },
                                "dependsOn": [ 
                                "[concat(variables('factoryId'), '/pipelines/',variables('PipelineName'))]"
                                         ]
             }
         
 
      ]
    
}