
                            {
                                "name": "[concat(parameters('dataFactoryName'), '/',variables('SinkDataSetName'))]",
                                "type": "Microsoft.DataFactory/factories/datasets",
                                "apiVersion": "[variables('apiVersion')]",
                                "properties": 
                                 {
                                    "linkedServiceName": {
                                                    "referenceName": "[variables('SinkLinkedServiceName')]",
                                                    "type": "LinkedServiceReference"
                                                          },
                                    "type": "AzureDataLakeStoreFile", 
                                    "typeProperties": {
                                                "format": {
                                                    "type": "TextFormat",
                                                    "columnDelimiter": ",",
                                                    "treatEmptyAsNull": true
                                                            },
                                                "fileName": "[parameters('SinkFileName')]",
                                                "folderPath": "[parameters('SinkFolderPath')]"
                                                }
                                 },
                                "dependsOn": [
                                    "[concat(variables('factoryId'), '/linkedServices/ADLSlinkedService')]"
                                ]
                    }
