
                                {
                            "name": "[concat(parameters('dataFactoryName'), '/',variables('SourceDataSetName'))]",
                            "type": "Microsoft.DataFactory/factories/datasets",
                            "apiVersion": "[variables('apiVersion')]",
                            "properties": 
                                {

                                        "referenceName": "[variables('SourceLinkedServiceName')]",
                                        "type": "LinkedServiceReference"
                                                             },
                                        "type": "AzureBlob", 
                                        "typeProperties": {
                                            "format": {
                                                "type": "TextFormat",
                                                "columnDelimiter": ",",
                                                "quoteChar": "\"",
                                                "treatEmptyAsNull": true
                                                        },
                                                "fileName": "[parameters('SourceFileName')]",
                                                "folderPath": "[parameters('SourceFolderPath')]"
                                                    } 
                                            },
                            "dependsOn": 
                            [ 
                                "[concat('Microsoft.DataFactory/dataFactories/', parameters('dataFactoryName'))]", "[variables('SourceLinkedServiceName')]"
                            ]
                     }
