{
  "dependsOn": [
    "[concat('Microsoft.DataFactory/dataFactories/', parameters('dataFactoryName'))]",
    "[concat('Microsoft.DataFactory/dataFactories/', parameters('dataFactoryName'), '/linkedServices/', variables('SourceDBServerLinkedServiceName'))]"
  ],
  "type": "datasets",
  "name": "[variables('AuditingStartOutputDS')]",
  "apiVersion": "[variables('apiVersion')]",
  "properties": {
    "type": "AzureSqlTable",
    "linkedServiceName": "[variables('SourceDBServerLinkedServiceName')]",
    "typeProperties": {
      "tableName": "[variables('AuditTableName')]"
    },
    "availability": {
      "frequency": "[variables('Frequency')]",
      "interval": "[variables('interval')]",
      "offset": "[variables('offset')]",
      "style": "[variables('style')]"
    },
    "external": false,
    "policy": {}
  }
}  

