{ 
  "name": "[variables('AuditStartActivityName')]",
  "description": "Audit logging on job started into Sql Azure",
  "type": "SqlServerStoredProcedure",
  "typeProperties": {
    "storedProcedureName": "[variables('AuditStoredProc')]",
    "storedProcedureParameters": {
      "JobName": "[variables('PipelineName')]",
      "DomainName": "[variables('DomainName')]",
      "AffectedTable": "[variables('AffectedTable')]",
      "RunStartTime": "[variables('JobStart')]",
      "RunEndTime": "[variables('JobEnd')]",
      "RunBy": "[parameters('OnPremSqlServerUserName')]",
      "LogType": "[variables('LogTypeIns')]",
      "LoadType": "[variables('LoadType')]"
    }
  },
  "outputs": [
    {
      "name": "[variables('AuditingStartOutputDS')]"
    }
  ],
  "policy": {
    "timeout": "[variables('retryTimeout')]",
    "concurrency": "[variables('concurrency')]",
    "executionPriorityOrder": "[variables('executionPriorityOrder')]",
    "style": "[variables('style')]",
    "retry": "[variables('maximumRetry')]",
    "longRetry": "[variables('longRetry')]",
    "longRetryInterval": "[variables('longRetryInterval')]"
  },
  "scheduler": {
    "frequency": "[variables('Frequency')]",
    "interval": "[variables('interval')]",
    "offset": "[variables('offset')]",
    "style": "[variables('style')]"
  }
}