{

  "name": "[variables('AuditEndActivityName')]",
  "description": "Push data from SQL to Sql Azure",
  "type": "Copy",
  "typeProperties": {
    "source": {
      "type": "SqlSource",
      "sqlReaderQuery": "[variables('AuditQuery')]"
    },
    "sink": {
      "type": "SqlSink",
      "sqlWriterStoredProcedureName": "[variables('AuditStoredProc')]",
      "storedProcedureParameters": {
        "JobName": {
          "value": "[variables('PipelineName')]"
        },
        "DomainName": {
          "value": "[variables('DomainName')]"
        },
        "AffectedTable": {
          "value": "[variables('AffectedTable')]"
        },
        "RunStartTime": {
          "value": "[variables('JobStart')]"
        },
        "RunEndTime": {
          "value": "[variables('JobEnd')]"
        },
        "RunBy": {
          "value": "[parameters('OnPremSqlServerUserName')]"
        },
        "LogType": {
          "value": "[variables('LogTypeUpd')]"

        },
        "LoadType": {
          "value": "[variables('LoadType')]"
        }
      },
      "sqlWriterTableType": "[variables('sqlWriterTableTypeForAudit')]" 
    },
    "translator": {
      "type": "TabularTranslator",
      "columnMappings": "[variables('AuditColumnMappings')]"
    }
  },
  "inputs": [
    {
      "name": "[variables('UpdateCountAuditingDS')]"
    },
    {
      "name": "[variables('azureSqlDataSetName')]"
    },
    {
      "name": "[variables('AuditingStartOutputDS')]"
    }
  ],
  "outputs": [
    {
      "name": "[variables('AuditingEndOutputDS')]"
    }
  ],
  "policy": {
    "timeout": "[variables('retryTimeout')]",
    "concurrency": "[variables('concurrency')]",
    "executionPriorityOrder": "[variables('executionPriorityOrder')]",
    "style": "[variables('style')]",
    "retry": "[variables('maximumRetry')]",
    "longRetry": "[variables('longRetry')]",
    "longRetryInterval": "[variables('longRetryInterval')]"
  },
  "scheduler": {
    "frequency": "[variables('Frequency')]",
    "interval": "[variables('interval')]",
    "offset": "[variables('offset')]",
    "style": "[variables('style')]"
  }
}