{
  "dependsOn": [
    "[concat('Microsoft.DataFactory/dataFactories/', parameters('dataFactoryName'))]",
    "[concat('Microsoft.DataFactory/dataFactories/', parameters('dataFactoryName'), '/linkedServices/', variables('TargetDBLinkedServiceName'))]"
  ],
  "type": "datasets",
  "name": "[variables('UpdateCountAuditingDS')]",
  "apiVersion": "[variables('apiVersion')]",
  "properties": {
    "type": "AzureSqlTable",
    "linkedServiceName": "[variables('TargetDBLinkedServiceName')]",
    "typeProperties": {
      "tableName": "[variables('AffectedTable')]"
    },
    "availability": {
      "frequency": "[variables('Frequency')]",
      "interval": "[variables('interval')]",
      "offset": "[variables('offset')]",
      "style": "[variables('style')]"
    },
    "external": true,
    "policy": {},
    "structure": [
      {
        "name": "RowsWritten",
        "type": "Int32"
      },
      {
        "name": "AffectedTable",
        "type": "String"
      }

    ]
  }
}  

