{
  "dependsOn": [
    "[concat('Microsoft.DataFactory/dataFactories/', parameters('dataFactoryName'))]",
    "[concat('Microsoft.DataFactory/dataFactories/', parameters('dataFactoryName'), '/linkedServices/', variables('OnPremSqlServerLinkedServiceName'))]",
    "[concat('Microsoft.DataFactory/dataFactories/', parameters('dataFactoryName'), '/linkedServices/', variables('azureSqlLinkedServiceName'))]"
  ],
  "type": "datasets",
  "name": "[variables('azureSqlDataSetName')]",
  "apiVersion": "[variables('apiVersion')]",
  "properties": {
    "type": "AzureSqlDWTable",
    "linkedServiceName": {
      "type": "LinkedServiceReference",
      "referenceName": "[variables('azureSqlLinkedServiceName')]"
    },
    "typeProperties": {
      "tableName": "[variables('azureSqlTableName')]"
    },
    "structure": [
      
              #####TableSchema#####
               
          ]
  }
}
 