{
  "name": "[variables('ActivityName')]",
  "description": "Push data from SQL to Sql Azure",
  "type": "Copy",
  "typeProperties": {
    "source": {
      "type": "SqlSource",
      "sqlReaderQuery": "[variables('sqlReaderQuery')]"
            },
       "sink": {
            "type": "SqlDWSink",
            "allowPolyBase": true,
            "polyBaseSettings":
            {
                "rejectType": "percentage",
                "rejectValue": 10.0,
                "rejectSampleValue": 100,
                "useTypeDefault": true
            }
        },
    "translator": {
      "type": "TabularTranslator",
      "columnMappings": "[variables('columnMappings')]"
    }
  },
  "inputs": [
    {
      "type": "DatasetReference",
      "referenceName": "[variables('OnPremSqlDataSetName')]"
    }
  ],
  "outputs": [
    {
      "type": "DatasetReference",
      "referenceName": "[variables('azureSqlDataSetName')]"
    }
  ],
  "policy": {
    "timeout": "[variables('retryTimeout')]",
    "concurrency": "[variables('concurrency')]", 
    "retry": "[variables('maximumRetry')]",
    "retryIntervalInSeconds": 20
  } 
}
 