{
                "type": "datasets",
                "name": "[variables('OnPremSqlDataSetName')]",
                "dependsOn": [
                    "[parameters('dataFactoryName')]",
                    "[variables('OnPremSqlServerLinkedServiceName')]"
                ],
                "apiVersion": "2017-09-01-preview",
                "properties": {
                    "type": "AzureSqlTable",
                    "typeProperties": {
                      "tableName": "[variables('OnPremSqlTableName')]"
                    },
                     "structure": [              #####TableSchema#####    ],

                    "linkedServiceName": {
                        "referenceName": "[variables('OnPremSqlServerLinkedServiceName')]",
                        "type": "LinkedServiceReference"
                    }
                }
            }
            