ColumnName,Type
SystemId,String
PrincipalID,String
EmailAddress,String
DisplayName,String
Timestamp,Datetime
UserPrincipalName,String
LogonAccount,String
StatusId,Int32
DomainName,User
LoadType,FullLoad
ARMTemplatePrefix,Ref
PipelineActivity,SProcActivity
InboundOrOutbound,Outbound
PipelineName,PrincipalPipeline
SourceDataSetName,PrincipalSourceDataSet
TargetDataSetName,PrincipalTargetDataSet
PipelineDependOnOtherDS,RefWorkerAzureSQLTableFullLoad|RefWorkerContactAzureSQLTableFullLoad
TableToAudit,[User].[Principal]
Tablename,Principal
OnPremSqlTableName,[User].[vwPrincipalUpdates]
sqlQuery,"$$$Text.Format('Select [SystemID], [principalID], [EmailAddress],  [DisplayName], [Timestamp], [UserPrincipalName], [LogonAccount], [StatusID] From [user].[vwPrincipalUpdates] Where [StatusID] = 1')"