{
  "dependsOn": [ 
    "[concat('Microsoft.DataFactory/dataFactories/', parameters('dataFactoryName'), '/linkedServices/', variables('SourceLinkedServiceName'))]",
    "[concat('Microsoft.DataFactory/dataFactories/', parameters('dataFactoryName'), '/linkedServices/', variables('SinkLinkedServiceName'))]"
  ],
  "type": "datasets",
  "name": "[variables('SinkDataSetName')]",
  "apiVersion": "[variables('apiVersion')]",
  "properties": {
        "type": "AzureDataLakeStoreFile",
        "linkedServiceName": {
          "type": "LinkedServiceReference",
          "referenceName": "[variables('SinkLinkedServiceName')]"
        },
        "structure": [ 
          ],
        "typeProperties": {
                        "format": {
                            "type": "TextFormat",
                            "columnDelimiter": ",",
                            "treatEmptyAsNull": true
                        },
                        "fileName": "[parameters('SinkFileName')]",
                        "folderPath": "[parameters('SinkFolderPath')]"
                    }
    
  }
}