
{
    "$schema": "http://schema.management.azure.com/schemas/2015-01-01/deploymentTemplate.json#",
    "contentVersion": "1.0.0.0",
  "parameters": {
        "dataFactoryName": {
            "type": "string",
            "metadata": {
                "description": "Name of the data factory. Must be globally unique."
            }
        },
        "location": {
            "type": "string",
            "allowedValues": [
                "East US",
                "East US 2",
                "West Europe"
            ],
            "defaultValue": "East US",
            "metadata": {
                "description": "Location of the data factory. Currently, only East US, East US 2, and West Europe are supported. "
            }
        },
        "StartTime": {
            "type": "string",
            "metadata": {
                "description": "Start time for the trigger."
            }
        },
        "StopTime": {
            "type": "string",
            "metadata": {
                "description": "End time for the trigger."
            }
        },
        
    "SourceBlobStorageConnectionString": {
      "type": "string",
      "metadata": {
        "description": "SourceBlobStorageConnectionString"
      }
    },
    "SourceFileName": {
      "type": "string",
      "metadata": {
        "description": "SourceFileName"
      }
    },
    "SourceFolderPath": {
      "type": "string",
      "metadata": {
        "description": "SourceFolderPath"
      }
    },
    "SinkFileName": {
      "type": "string",
      "metadata": {
        "description": "SinkFileName"
      }
    }, 
    "SinkFolderPath": {
      "type": "string",
      "metadata": {
        "description": "SinkFolderPath"
      }
    },
    "ADLSuri": {
      "type": "string",
      "metadata": {
        "description": "ADLSuri"
      }
    },
    "ADLStenant": {
      "type": "string",
      "metadata": {
        "description": "OnPrem SQL Database Server password"
      }
    },
    "ADLSsubscriptionId": {
      "type": "string",
      "metadata": {
        "description": "ADLSsubscriptionId"
      }
    },
    "ADLSresourceGroupName": {
      "type": "string",
      "metadata": {
        "description": "ADLSresourceGroupName"
      }
    }
  },

  "variables": {
     
        "triggerName": "ArmTemplateTestTrigger",


    #####ARMvariables#####
    #####ARMCommonvariables#####
       
  },

  
  "resources": [
    {
      "name": "[parameters('dataFactoryName')]",
      "apiVersion": "[variables('apiVersion')]",
      "type": "Microsoft.DataFactory/datafactories",
      "location": "[parameters('location')]", 
        
      "resources": [
        {
          "dependsOn": [
            "[concat('Microsoft.DataFactory/dataFactories/', parameters('dataFactoryName'))]"
          ],
          "type": "linkedservices",
          "name": "[variables('azureSqlLinkedServiceName')]",
          "apiVersion": "[variables('apiVersion')]",
          "properties": {
            "type": "AzureSqlDW",
            "description": "Azure SQL DB linked service Cache",
            "typeProperties": { 
               "connectionString": {
                "type": "SecureString",
                "value": "[concat('Server=tcp:',parameters('azureSqlServerName'),'.database.windows.net,1433;Database=', parameters('azureTargetDatabaseName'), ';User ID=',parameters('azureSqlServerUserName'),';Password=',parameters('azureSqlServerPassword'),';Trusted_Connection=False;Encrypt=True;Connection Timeout=30')]"
            }
            
            
            }
          }
        }, 
        {
                "type": "linkedservices",
                "name": "[variables('OnPremSqlServerLinkedServiceName')]",
                "dependsOn": [
                    "[parameters('dataFactoryName')]"
                ],
                "apiVersion": "[variables('apiVersion')]",
                "properties": {
                    "type": "AzureSqlDatabase",
                    "description": "Azure Storage linked service",
                    "typeProperties": {
                        "connectionString": {
                            "type": "SecureString",
                            "value": "[concat('Server=tcp:',parameters('azureSqlServerName'),'.database.windows.net,1433;Database=', parameters('azureTargetDatabaseName'), ';User ID=',parameters('azureSqlServerUserName'),';Password=',parameters('azureSqlServerPassword'),';Trusted_Connection=False;Encrypt=True;Connection Timeout=30')]"
                        }
                    }
                }
            },
        #####OnPremDataSet#####,
        #####AzureDataSet#####,  
         
        {
          "dependsOn": [
            "[concat('Microsoft.DataFactory/dataFactories/', parameters('dataFactoryName'))]",
            "[concat('Microsoft.DataFactory/dataFactories/', parameters('dataFactoryName'), '/linkedServices/', variables('OnPremSqlServerLinkedServiceName'))]",
            "[concat('Microsoft.DataFactory/dataFactories/', parameters('dataFactoryName'), '/linkedServices/', variables('azureSqlLinkedServiceName'))]",
            "[concat('Microsoft.DataFactory/dataFactories/', parameters('dataFactoryName'), '/datasets/', variables('azureSqlDataSetName'))]",
            "[concat('Microsoft.DataFactory/dataFactories/', parameters('dataFactoryName'), '/datasets/', variables('OnPremSqlDataSetName'))]"
            
          ],
          "type": "datapipelines",
          "name": "[variables('PipelineName')]",
          "apiVersion": "[variables('apiVersion')]",
          "properties": {
            "description": "Fetch Table data on prem and push to Azure SQL Database",
            "activities": [

              #####InboundActivity#####
               
               
            ]
          }
        },
        {
                "type": "triggers",
                "name": "[variables('triggerName')]",
                "dependsOn": [
                    "[parameters('dataFactoryName')]",
                    "[variables('OnPremSqlServerLinkedServiceName')]",
                    "[variables('pipelineName')]"
                ],
                "apiVersion": "[variables('apiVersion')]",
                "properties": {
                    "type": "ScheduleTrigger",
                    "typeProperties": {
                        "recurrence": {
                            "frequency": "Day",
                            "interval": 1,
                            "startTime": "[variables('StartTime')]",
                            "endTime": "[variables('StopTime')]",
                            "timeZone": "UTC"
                        }
                    },
                    "pipelines": [{
                        "pipelineReference": {
                            "type": "PipelineReference",
                            "referenceName": "[variables('pipelineName')]"
                        },
                        "parameters": {}
                    }]
                }
            }
      ]
    }
  ]
}