{
  "name": "[variables('ActivityName')]",
  "type": "Copy", 
  "dependsOn": [],
  "policy": {
    "timeout": "[variables('retryTimeout')]", 
    "retry": "[variables('maximumRetry')]",
    "retryIntervalInSeconds": 20
  } ,
  "typeProperties": {
    "source": {
      "type": "BlobSource",
      "recursive": false
            },
       "sink": {
            "type": "AzureDataLakeStoreSink",
            "copyBehavior": "MergeFiles"
        },
        "enableStaging": false,
        "cloudDataMovementUnits": 0,
        "enableSkipIncompatibleRow": true
  }, 
  "inputs": [
    {
        "referenceName": "[variables('SourceDataSetName')]",
        "type": "DatasetReference",
        "parameters": {}
    }
  ],
  "outputs": [ 
    {
        "referenceName": "[variables('SinkDataSetName')]",
        "type": "DatasetReference",
        "parameters": {}
    }
  ]
}  