        {
            "name": "[concat(parameters('dataFactoryName'), '/',variables('SinkDataSetName'))]",  
            "type": "Microsoft.DataFactory/factories/datasets",
            "apiVersion": "[variables('apiVersion')]",
            "properties": {
                "linkedServiceName": {
                    "referenceName": "[variables('SinkLinkedServiceName')]",
                    "type": "LinkedServiceReference"
                },
                "type": "AzureDataLakeStoreFile",
                "structure": [
                    {
                        "name": "Prop_0",
                        "type": "Int64"
                    },
                    {
                        "name": "Prop_1",
                        "type": "Double"
                    },
                    {
                        "name": "Prop_2",
                        "type": "Double"
                    },
                    {
                        "name": "Prop_3",
                        "type": "String"
                    },
                    {
                        "name": "Prop_4",
                        "type": "String"
                    },
                    {
                        "name": "Prop_5",
                        "type": "String"
                    }
                ],
                "typeProperties": {
                    "format": {
                        "type": "TextFormat",
                        "columnDelimiter": ",",
                        "treatEmptyAsNull": true
                    },
                    "fileName": "[parameters('SinkFileName')]",
                    "folderPath": "[parameters('SinkFolderPath')]"
                }
            },
            "dependsOn": [
                "[concat('Microsoft.DataFactory/dataFactories/', parameters('dataFactoryName'))]",
                "[concat(variables('factoryId'), '/linkedServices/ADLSlinkedService')]"
            ]
        }
        