{
                "name": "[concat(parameters('dataFactoryName'), '/',variables('SourceDataSetName'))]", 
                "type": "Microsoft.DataFactory/factories/datasets",
                "dependsOn": [ 
                
                    "[concat('Microsoft.DataFactory/dataFactories/', parameters('dataFactoryName'))]",
                    "[variables('SourceLinkedServiceName')]"
                ],
                "apiVersion": "[variables('apiVersion')]",
                "properties": {
                    "type": "AzureBlob", 
                    "typeProperties": {
                        "format": {
                            "type": "TextFormat",
                            "columnDelimiter": ",",
                            "quoteChar": "\"",
                            "treatEmptyAsNull": true
                        },
                        "fileName": "[parameters('SourceFileName')]",
                        "folderPath": "[parameters('SourceFolderPath')]"
                    },
                    "structure": [],

                    "linkedServiceName": {
                        "referenceName": "[variables('SourceLinkedServiceName')]",
                        "type": "LinkedServiceReference"
                        }
                }
            } 